1,SF
1,게임물
1,드라마
1,디스토피아
1,로맨스
1,로맨틱코미디
1,무협
1,미스터리
1,법정물
1,사극물
1,스릴러
1,아포칼립스
1,액션
1,액션물
1,어드벤처
1,오컬트
1,요괴물
1,좀비
1,중세판타지
1,추리
1,추적
1,퇴마
1,판타지
1,포스트아포칼립스
1,푸드
1,하이틴
1,학원물
1,호러
1,히어로
2,AI
2,가상현실
2,계약
2,귀신
2,기억상실
2,기억조작
2,변신
2,복수
2,복수극
2,불사
2,비밀조직
2,사회비판
2,사회풍자
2,서사
2,성장
2,시간여행
2,시간조작
2,신비
2,신화
2,실종
2,심리
2,언어철학
2,연금술
2,연예계
2,운명
2,음모
2,이능계승
2,이능력
2,이세계
2,이중생활
2,인간×용
2,자아분열
2,재벌물
2,저주물
2,전생
2,차원이동
2,초능력
2,초자연
2,탈출
2,퇴마
3,궁중
3,농촌
3,도시괴담
3,동양물
3,미래
3,민속괴담
3,방송국물
3,우주
3,중세
3,직장물
3,직장인
3,천문
3,청소년
3,캠퍼스
3,학교
3,해양
3,현대물
3,회사
4,갈등
4,감성
4,감정
4,개그
4,느와르
4,리얼리즘
4,블랙코미디
4,서스펜스
4,슬픔
4,여성서사
4,유머
4,철학
4,치유물
4,현실극
4,형제애
4,힐링
5,단편
5,에세이
5,연대기
5,옴니버스
5,형식
